employee_id,full_name,department,employment_type,role,hire_date
1,Farlie Thome,Finance,Full-time,Recruiter,10/14/2018
2,Maison Luc,Finance,Part-time,Analyst,5/5/2022
3,Richardo Mordaunt,Human Resources,Part-time,Recruiter,6/9/2023
4,Brena Wyldes,Human Resources,Part-time,Team Lead,5/7/2017
5,Vasilis Freire,Human Resources,Part-time,Analyst,2/27/2020
6,Diana Fullom,Human Resources,Part-time,Analyst,9/9/2016
7,Val Cussins,Finance,Full-time,Manager,1/8/2020
8,Prudi Bedlington,Operations,Full-time,Manager,11/20/2018
9,Walsh Colter,Human Resources,Part-time,Recruiter,12/5/2016
10,Nicol Neilly,Operations,Part-time,Coordinator,5/15/2018
11,Chase Kuna,Finance,Part-time,Generalist,7/22/2022
12,Faith McCambrois,Finance,Part-time,Coordinator,6/18/2022
13,Joscelin Kaplin,Finance,Part-time,Recruiter,9/26/2016
14,Farrah Pettinger,Finance,Full-time,Analyst,6/14/2022
15,Codie Meanwell,Finance,Part-time,Team Lead,7/29/2023
16,Dur Moogan,Human Resources,Full-time,Recruiter,7/19/2016
17,Cariotta Scotchbrook,Operations,Part-time,Manager,3/19/2019
18,Donna MacCrachen,Finance,Part-time,Generalist,8/24/2020
19,Angy Sircombe,Human Resources,Full-time,Recruiter,4/25/2021
20,Aguste Burchill,Human Resources,Full-time,Analyst,6/22/2023
21,Lilly Lamanby,Operations,Part-time,Coordinator,9/4/2021
22,Jeremias Lochhead,Operations,Part-time,Manager,4/6/2017
23,Lonnard Chantree,Operations,Full-time,Manager,8/26/2019
24,Jolie Dunkerly,Human Resources,Part-time,Analyst,2/19/2019
25,Elinore Lampbrecht,Finance,Part-time,Team Lead,11/3/2022
26,Jefferson Paoli,Finance,Full-time,Team Lead,12/24/2015
27,Helaine Jailler,Finance,Full-time,Generalist,4/4/2018
28,Reta Beatey,Operations,Full-time,Team Lead,7/21/2015
29,Maegan Giacopetti,Finance,Part-time,Analyst,8/28/2020
30,Regine Silvester,Finance,Part-time,Analyst,4/28/2021
31,Rene Cherry,Finance,Full-time,Coordinator,10/12/2019
32,Henry Dash,Finance,Full-time,Team Lead,10/2/2020
33,Robin Alger,Finance,Part-time,Analyst,9/25/2015
34,Lynett Bundey,Human Resources,Part-time,Recruiter,10/11/2020
35,Corrine Scouller,Operations,Part-time,Recruiter,8/31/2019
36,Skell Leopold,Finance,Full-time,Analyst,12/24/2018
37,Orel Hattam,Finance,Full-time,Analyst,2/27/2015
38,Xymenes Armit,Operations,Full-time,Coordinator,7/1/2022
39,Darcy Cothey,Human Resources,Part-time,Manager,7/24/2016
40,Alidia Franzolini,Finance,Part-time,Coordinator,6/11/2016
41,Antin Scholefield,Finance,Part-time,Generalist,5/3/2016
42,Penny Odgaard,Operations,Part-time,Coordinator,1/21/2018
43,Jobi Oakenfield,Operations,Full-time,Team Lead,1/5/2017
44,D'arcy Twiddell,Finance,Full-time,Coordinator,3/17/2019
45,Quentin Braybrooke,Human Resources,Full-time,Team Lead,1/27/2021
46,Corliss Blesdill,Finance,Full-time,Recruiter,1/3/2016
47,Sheree Ryde,Human Resources,Part-time,Team Lead,2/14/2016
48,Klaus Flatman,Human Resources,Part-time,Coordinator,5/12/2021
49,Rudd Akitt,Human Resources,Full-time,Generalist,6/5/2019
50,Aluino Dechelle,Finance,Part-time,Analyst,3/9/2019
51,Theresina Mansion,Finance,Full-time,Recruiter,3/23/2021
52,Cordy Godbolt,Human Resources,Full-time,Manager,9/26/2015
53,Marion Follan,Human Resources,Full-time,Generalist,2/6/2017
54,Ki Weathey,Operations,Part-time,Manager,3/20/2018
55,Cele Ponsford,Finance,Full-time,Manager,2/28/2019
56,Cicily Jeannot,Finance,Full-time,Coordinator,10/30/2018
57,Catherine Craze,Human Resources,Part-time,Generalist,4/11/2023
58,Addie Filyashin,Finance,Full-time,Coordinator,12/28/2023
59,Adrian Crop,Human Resources,Part-time,Recruiter,7/2/2021
60,Cassandry Pipkin,Operations,Full-time,Manager,1/19/2015
61,Stearne Gunda,Human Resources,Full-time,Manager,1/10/2015
62,Aldwin Sybe,Human Resources,Part-time,Recruiter,8/5/2018
63,Justinn Peche,Human Resources,Full-time,Analyst,12/27/2017
64,Lou McElwee,Operations,Full-time,Analyst,2/26/2022
65,April McCallister,Finance,Full-time,Team Lead,7/10/2022
66,Flori Kock,Operations,Full-time,Manager,4/26/2023
67,Spencer Galia,Human Resources,Full-time,Manager,10/14/2016
68,Catlaina Brisse,Operations,Full-time,Team Lead,6/29/2016
69,Jenifer Simmonds,Operations,Part-time,Manager,2/7/2018
70,Quinn Gascone,Operations,Full-time,Coordinator,10/9/2023
71,Margit Abramow,Human Resources,Full-time,Coordinator,4/25/2019
72,Barny Largan,Human Resources,Full-time,Coordinator,3/1/2021
73,Darwin Kille,Finance,Full-time,Recruiter,7/14/2020
74,Nada Kenright,Finance,Part-time,Manager,9/12/2018
75,Cariotta Eubank,Operations,Part-time,Manager,8/27/2023
76,Sibeal Shakelady,Finance,Part-time,Analyst,11/4/2021
77,Rad Eddisford,Operations,Part-time,Manager,7/1/2016
78,Burg St. Ledger,Operations,Part-time,Manager,6/7/2019
79,Marv Ewbank,Finance,Full-time,Team Lead,2/13/2020
80,Ellswerth Swannell,Human Resources,Part-time,Recruiter,3/16/2020
81,Merralee Burnyate,Finance,Part-time,Manager,11/18/2015
82,Brandyn Arundell,Operations,Part-time,Recruiter,4/16/2023
83,Agata Mouat,Finance,Full-time,Coordinator,6/17/2023
84,Mahala McDermid,Operations,Part-time,Coordinator,10/27/2023
85,Juanita Zoren,Operations,Full-time,Coordinator,4/13/2022
86,Branden Espada,Finance,Part-time,Team Lead,2/15/2018
87,Aloisia Eastope,Human Resources,Full-time,Coordinator,12/14/2022
88,Halie Trase,Finance,Full-time,Generalist,1/14/2021
89,Diahann Jaher,Operations,Part-time,Manager,6/27/2022
90,Adriano Egdell,Human Resources,Part-time,Manager,9/1/2023
91,Sergent Gaw,Operations,Part-time,Generalist,1/25/2019
92,Gretna Nutley,Human Resources,Full-time,Team Lead,2/21/2018
93,Gunner Lampett,Finance,Full-time,Coordinator,1/24/2015
94,Niccolo Allcock,Human Resources,Full-time,Manager,2/13/2023
95,Cornie Nowaczyk,Human Resources,Part-time,Recruiter,12/16/2016
96,Cristina Duchatel,Operations,Full-time,Coordinator,11/18/2023
97,Osbourne Raw,Finance,Part-time,Recruiter,5/25/2023
98,Inness Palffrey,Operations,Full-time,Team Lead,7/9/2018
99,Simona Lippo,Operations,Full-time,Team Lead,6/9/2023
100,Wallace Itzak,Human Resources,Full-time,Recruiter,7/10/2018
101,Elliot Curragh,Human Resources,Part-time,Team Lead,3/19/2023
102,Dane Fancy,Human Resources,Part-time,Manager,8/30/2023
103,Anthony Cardis,Finance,Full-time,Team Lead,3/21/2018
104,Conway Caulket,Finance,Full-time,Manager,12/5/2017
105,Klarika Trowel,Finance,Full-time,Recruiter,11/28/2018
106,Egbert Ilbert,Finance,Full-time,Manager,5/7/2017
107,Aube MacPaike,Finance,Full-time,Team Lead,7/6/2021
108,Amaleta Cansdill,Operations,Part-time,Team Lead,10/4/2020
109,Mari Le Gallo,Operations,Part-time,Manager,3/24/2023
110,Aggie Rustidge,Operations,Part-time,Team Lead,12/4/2018
111,Violet Banghe,Operations,Part-time,Generalist,7/10/2016
112,Robby Figura,Operations,Full-time,Coordinator,9/25/2015
113,Duffy Gailor,Human Resources,Part-time,Recruiter,8/31/2022
114,Justine Preto,Human Resources,Part-time,Recruiter,11/8/2017
115,Darnall Handrok,Human Resources,Full-time,Coordinator,11/15/2019
116,Fifi Rosenfeld,Human Resources,Part-time,Recruiter,10/11/2016
117,Wallie Fullwood,Operations,Full-time,Manager,11/20/2023
118,Lion Tarte,Operations,Part-time,Generalist,2/4/2020
119,Joseito Earry,Finance,Part-time,Manager,5/8/2017
120,Zachery Libero,Finance,Full-time,Coordinator,7/9/2020
121,Raina Grewcock,Operations,Part-time,Team Lead,1/12/2019
122,Clementius Brunnen,Human Resources,Full-time,Manager,1/17/2019
123,Westleigh Phoenix,Human Resources,Full-time,Generalist,1/2/2019
124,Percival Depka,Finance,Full-time,Manager,1/17/2023
125,Madalyn Klimkiewich,Operations,Part-time,Recruiter,1/25/2020
126,Bambi Luckey,Operations,Full-time,Coordinator,11/26/2015
127,Myca Jeens,Finance,Part-time,Manager,3/26/2016
128,Paco Lerego,Operations,Full-time,Team Lead,9/17/2015
129,Angie Quibell,Operations,Part-time,Recruiter,6/23/2015
130,Dacie Elsop,Human Resources,Part-time,Generalist,9/3/2015
131,Ginelle Abbe,Operations,Full-time,Manager,9/18/2022
132,Evan Schollick,Operations,Full-time,Team Lead,12/8/2022
133,Ximenes Marvin,Finance,Full-time,Recruiter,2/10/2020
134,Arie Downing,Finance,Part-time,Coordinator,12/4/2019
135,Modestine Jay,Operations,Part-time,Recruiter,11/23/2017
136,Teddy Ganderton,Human Resources,Full-time,Team Lead,6/25/2020
137,Ailee Gorgen,Human Resources,Part-time,Coordinator,2/16/2019
138,Ryon Blizard,Human Resources,Full-time,Analyst,9/27/2016
139,Harrie Sparey,Operations,Full-time,Recruiter,4/10/2015
140,Randi Daftor,Human Resources,Full-time,Coordinator,5/26/2018
141,Monah Allonby,Operations,Part-time,Generalist,7/25/2021
142,Rickey Gouldie,Human Resources,Full-time,Manager,6/8/2015
143,Welbie MacDearmaid,Finance,Part-time,Coordinator,4/11/2018
144,Isidore Goodings,Human Resources,Full-time,Analyst,5/7/2019
145,Robinet Janatka,Finance,Part-time,Recruiter,8/8/2019
146,Dedra Baldock,Operations,Full-time,Team Lead,12/31/2020
147,Seth Eastgate,Human Resources,Full-time,Analyst,7/31/2019
148,Regina Gerdes,Operations,Part-time,Generalist,9/3/2021
149,Blakeley Bendtsen,Operations,Part-time,Analyst,12/2/2021
150,Hubie Corley,Finance,Full-time,Recruiter,10/26/2019
151,Kiley Adolfson,Operations,Part-time,Manager,5/7/2016
152,Venita Spinelli,Finance,Part-time,Team Lead,12/21/2017
153,Querida Dax,Finance,Full-time,Analyst,4/4/2018
154,Eloise Hatto,Human Resources,Part-time,Analyst,7/14/2019
155,Joellen Bartczak,Human Resources,Part-time,Manager,9/13/2022
156,Tess Losano,Finance,Full-time,Coordinator,1/25/2020
157,Marice Plume,Operations,Part-time,Coordinator,2/17/2015
158,Worthington Kenney,Operations,Part-time,Generalist,8/3/2021
159,Murielle Marchello,Finance,Part-time,Manager,12/30/2022
160,Gerick Walklate,Operations,Full-time,Coordinator,10/1/2022
161,Orland Burlingham,Finance,Full-time,Manager,10/1/2021
162,Michaela Barthelemy,Human Resources,Part-time,Recruiter,3/15/2018
163,Gilles Dailly,Operations,Full-time,Recruiter,4/28/2022
164,Sherwood Mc Kellen,Human Resources,Full-time,Manager,7/6/2023
165,Regina Willets,Finance,Part-time,Recruiter,1/6/2023
166,Dillie Hunnawill,Operations,Full-time,Generalist,6/6/2021
167,Franzen Creech,Operations,Part-time,Coordinator,1/24/2017
168,Myrwyn Franssen,Finance,Part-time,Coordinator,4/28/2022
169,Alvie Yewen,Operations,Full-time,Analyst,2/7/2015
170,Randell Craighead,Finance,Part-time,Generalist,3/19/2021
171,Giffer Luquet,Human Resources,Full-time,Team Lead,11/22/2017
172,Wynny Haughey,Human Resources,Full-time,Analyst,7/21/2015
173,Roobbie Spiteri,Human Resources,Part-time,Recruiter,4/6/2020
174,Moselle Meeke,Operations,Part-time,Coordinator,7/19/2023
175,Allyce Kiln,Finance,Full-time,Generalist,9/23/2015
176,Costa Adie,Operations,Full-time,Analyst,9/28/2022
177,Jeanna Piddock,Operations,Full-time,Generalist,9/1/2016
178,Martina Whyard,Human Resources,Part-time,Analyst,10/19/2021
179,Friedrick Chalfant,Human Resources,Full-time,Recruiter,3/5/2018
180,Millisent Ingle,Operations,Full-time,Recruiter,3/31/2023
181,Kory Occleshaw,Human Resources,Part-time,Recruiter,4/29/2023
182,Alleyn Quakley,Operations,Full-time,Recruiter,9/24/2022
183,Cristal Cartmel,Human Resources,Full-time,Analyst,6/5/2015
184,Cherin Tunsley,Human Resources,Full-time,Generalist,11/28/2020
185,Cindee Colchett,Human Resources,Full-time,Analyst,1/7/2019
186,Nady McChruiter,Operations,Part-time,Generalist,4/22/2019
187,Janka Mazonowicz,Operations,Part-time,Coordinator,4/5/2018
188,Sophi Misken,Human Resources,Part-time,Coordinator,4/26/2023
189,Mannie Waddams,Finance,Part-time,Generalist,1/11/2016
190,Brandais Ghelardoni,Operations,Full-time,Coordinator,2/10/2019
191,Ronna Cullity,Human Resources,Part-time,Recruiter,2/21/2018
192,Jobyna Brightling,Finance,Full-time,Manager,4/3/2017
193,Guthrey Ferreres,Finance,Full-time,Analyst,6/22/2022
194,Jemie Cridge,Operations,Part-time,Team Lead,6/8/2017
195,Marcelline Wandless,Human Resources,Full-time,Coordinator,11/22/2016
196,Alister Vickars,Operations,Full-time,Generalist,1/20/2023
197,Costa Castagno,Human Resources,Part-time,Team Lead,5/30/2019
198,Caritta Ashbey,Operations,Full-time,Coordinator,1/16/2022
199,Gleda Zoane,Finance,Full-time,Recruiter,11/15/2019
200,Teirtza Smallsman,Operations,Full-time,Team Lead,5/17/2018
201,Gigi Heddon,Human Resources,Full-time,Team Lead,6/25/2023
202,Gradeigh Sidebotton,Finance,Full-time,Analyst,9/7/2023
203,Drona Cheeseman,Operations,Part-time,Recruiter,1/2/2023
204,Donielle Slimme,Operations,Part-time,Coordinator,6/28/2022
205,Willie Liffey,Human Resources,Full-time,Coordinator,11/14/2019
206,Elset Sempill,Operations,Full-time,Coordinator,8/5/2015
207,Emmerich Longcaster,Finance,Full-time,Analyst,7/4/2019
208,Fanechka Carding,Finance,Full-time,Generalist,10/7/2015
209,Marlyn Ruthen,Finance,Full-time,Generalist,5/2/2016
210,Ber Raffan,Human Resources,Part-time,Recruiter,8/22/2021
211,Daisey Benyan,Human Resources,Full-time,Recruiter,4/24/2017
212,Lexine Hefferan,Finance,Part-time,Generalist,5/12/2020
213,Elvis Haborn,Operations,Full-time,Analyst,6/24/2016
214,Sisely Beeckx,Human Resources,Full-time,Recruiter,4/10/2018
215,Connie Newport,Operations,Full-time,Coordinator,5/14/2017
216,Hartwell Lowbridge,Human Resources,Full-time,Team Lead,7/7/2017
217,Zarah Acres,Finance,Full-time,Generalist,2/22/2019
218,Broddy Paddington,Operations,Part-time,Coordinator,1/19/2021
219,Izzy Bellhouse,Human Resources,Part-time,Generalist,8/5/2017
220,Gonzalo Wescott,Human Resources,Full-time,Manager,12/29/2021
221,Georgy Eneas,Human Resources,Full-time,Coordinator,8/5/2018
222,Jonis Nelligan,Human Resources,Full-time,Recruiter,9/1/2018
223,Matthus Paulot,Finance,Full-time,Generalist,9/22/2022
224,Ellsworth Christou,Finance,Full-time,Recruiter,10/8/2016
225,Aleen Gosford,Operations,Full-time,Recruiter,6/21/2022
226,Andriana Asple,Finance,Full-time,Generalist,4/1/2019
227,Cece Kelner,Operations,Full-time,Generalist,1/19/2021
228,Lyndsey Kilgrew,Human Resources,Part-time,Generalist,11/11/2020
229,Ivory Sickert,Human Resources,Part-time,Recruiter,7/20/2017
230,Sauveur Cunrado,Human Resources,Full-time,Analyst,3/9/2022
231,Nikolaos Litt,Operations,Part-time,Generalist,2/5/2022
232,Mordy Orridge,Operations,Full-time,Coordinator,1/30/2021
233,Clem Kernock,Finance,Full-time,Recruiter,6/24/2017
234,Perri Trimby,Human Resources,Part-time,Analyst,11/26/2023
235,Sharyl Bergstram,Finance,Full-time,Generalist,4/28/2022
236,Kalle Locket,Human Resources,Part-time,Team Lead,6/24/2022
237,Nertie Figger,Human Resources,Full-time,Coordinator,5/24/2019
238,Roanne McPhillimey,Operations,Part-time,Recruiter,3/31/2016
239,Cedric Gask,Operations,Full-time,Coordinator,10/21/2019
240,Harper Newhouse,Human Resources,Part-time,Team Lead,2/18/2019
241,Emmaline Halvosen,Finance,Full-time,Manager,4/6/2015
242,Glori Birchenhead,Operations,Part-time,Recruiter,9/3/2018
243,Maximilian Lamperd,Human Resources,Part-time,Recruiter,7/19/2020
244,Ellery Gosnay,Human Resources,Full-time,Recruiter,3/16/2020
245,Gayle Toffolo,Human Resources,Part-time,Coordinator,10/23/2023
246,Melanie Grigoriev,Operations,Full-time,Manager,1/25/2018
247,Pavia Winsome,Operations,Full-time,Team Lead,8/25/2022
248,Vick Blachford,Operations,Full-time,Analyst,4/18/2023
249,Dacia Inker,Finance,Part-time,Team Lead,12/17/2015
250,Ronnica McDonald,Finance,Part-time,Recruiter,3/1/2023
251,Brnaba Bradburne,Finance,Part-time,Generalist,7/9/2021
252,Felecia Giacobilio,Finance,Part-time,Coordinator,7/3/2015
253,Panchito Uzielli,Operations,Full-time,Manager,8/27/2023
254,Emelda Ault,Operations,Part-time,Analyst,3/7/2021
255,Albertina Margett,Finance,Part-time,Coordinator,3/15/2015
256,Werner Bunch,Human Resources,Part-time,Generalist,8/5/2015
257,Marillin Titlow,Finance,Part-time,Team Lead,3/12/2023
258,Hana Oman,Finance,Part-time,Team Lead,10/24/2022
259,Robbert Kynson,Finance,Part-time,Team Lead,7/2/2023
260,Gladi Pollastrone,Finance,Full-time,Generalist,4/7/2015
261,Faina Wilton,Operations,Full-time,Recruiter,9/5/2015
262,Rayna Carville,Operations,Full-time,Analyst,12/4/2019
263,Shel De Zuani,Finance,Full-time,Coordinator,8/7/2015
264,Gretal Kennaway,Operations,Part-time,Analyst,4/17/2019
265,Justina Bantham,Operations,Part-time,Coordinator,3/27/2021
266,Lorine Silverman,Operations,Part-time,Coordinator,5/3/2020
267,Aime Falks,Operations,Full-time,Analyst,10/17/2017
268,Brita Sheasby,Operations,Part-time,Coordinator,7/15/2016
269,Jami Halbeard,Human Resources,Part-time,Recruiter,6/25/2016
270,Trumann Luckcuck,Finance,Part-time,Recruiter,6/8/2019
271,Raddy Shayes,Human Resources,Part-time,Manager,7/14/2015
272,Ignatius Pyzer,Human Resources,Full-time,Analyst,8/4/2022
273,Vally Nisco,Finance,Part-time,Analyst,5/19/2022
274,Sheba Vassall,Finance,Part-time,Analyst,10/25/2021
275,Stacee Heading,Operations,Full-time,Manager,9/25/2021
276,Scarlet Cockett,Human Resources,Part-time,Recruiter,3/11/2019
277,Davina Stanfield,Finance,Part-time,Recruiter,4/15/2018
278,Deborah Goucher,Human Resources,Full-time,Analyst,6/18/2016
279,Iorgo Ruddell,Operations,Part-time,Recruiter,4/26/2020
280,Gav Dingsdale,Finance,Part-time,Coordinator,5/13/2023
281,Brennen Geer,Finance,Full-time,Coordinator,7/16/2022
282,Vanni Karel,Finance,Part-time,Analyst,5/6/2017
283,Hammad Halworth,Human Resources,Part-time,Recruiter,5/3/2020
284,Emmalyn Edelheid,Operations,Full-time,Manager,5/6/2017
285,Far Nowak,Human Resources,Part-time,Generalist,3/18/2015
286,Holly Garbert,Operations,Full-time,Manager,8/15/2016
287,Genevra Young,Operations,Part-time,Manager,4/27/2023
288,Karena Fellowes,Human Resources,Full-time,Coordinator,5/22/2015
289,Clarita Cowderay,Operations,Part-time,Analyst,6/22/2016
290,Arliene Camus,Human Resources,Full-time,Recruiter,6/20/2020
291,Delcina Ridgers,Operations,Full-time,Team Lead,10/6/2022
292,Lilith Ruilton,Operations,Part-time,Analyst,2/6/2023
293,Guendolen De Bruyne,Finance,Full-time,Coordinator,9/5/2017
294,Ulrich Dalyell,Operations,Part-time,Team Lead,9/2/2022
295,Tatiana Kisby,Operations,Part-time,Team Lead,1/11/2016
296,Nettle Dedon,Operations,Full-time,Analyst,4/6/2017
297,Ray Barck,Operations,Part-time,Manager,9/15/2023
298,Guendolen Pickard,Operations,Part-time,Analyst,4/20/2017
299,Erda Welds,Operations,Full-time,Coordinator,12/10/2022
300,Allan Fincham,Operations,Part-time,Recruiter,12/23/2020
301,Ethelin Huske,Human Resources,Full-time,Team Lead,11/20/2016
302,Obediah Scarffe,Operations,Part-time,Generalist,6/22/2022
303,Kirstyn Halesworth,Human Resources,Part-time,Manager,6/4/2016
304,Bronny Dykas,Finance,Part-time,Recruiter,1/20/2019
305,Phillida Wince,Finance,Full-time,Coordinator,4/5/2022
306,Wat Tatford,Operations,Full-time,Generalist,5/13/2016
307,Layton Marshfield,Human Resources,Full-time,Team Lead,3/13/2022
308,Adaline O'Mullaney,Operations,Part-time,Team Lead,3/31/2022
309,Kiley McGillivray,Operations,Part-time,Coordinator,1/25/2022
310,Perren Harrold,Operations,Part-time,Analyst,11/8/2018
311,Claudelle Edgcumbe,Operations,Full-time,Manager,5/6/2015
312,Giffard Reville,Operations,Part-time,Analyst,3/30/2023
313,Cherlyn Noke,Finance,Part-time,Team Lead,12/16/2017
314,Travus Iorizzo,Human Resources,Part-time,Team Lead,7/31/2016
315,Armin Brito,Finance,Part-time,Analyst,4/29/2015
316,Frederic Dysert,Human Resources,Part-time,Generalist,3/21/2019
317,Britni Sabattier,Human Resources,Part-time,Analyst,5/3/2015
318,Carey Dashwood,Operations,Full-time,Generalist,8/2/2021
319,Appolonia Birdwistle,Finance,Part-time,Recruiter,6/11/2022
320,Layla Martensen,Human Resources,Part-time,Manager,4/8/2020
321,Margaretha Bayliss,Operations,Part-time,Recruiter,4/12/2021
322,Sarina Wyleman,Finance,Part-time,Team Lead,8/8/2017
323,Maurise Reihill,Finance,Full-time,Team Lead,9/6/2021
324,Ashlin Pappi,Operations,Full-time,Coordinator,4/27/2020
325,Benoite Dumbrell,Finance,Part-time,Coordinator,1/14/2015
326,Parry Hatherall,Operations,Full-time,Team Lead,2/8/2017
327,Arel Pallesen,Human Resources,Part-time,Analyst,3/5/2015
328,Lorrayne Sandiland,Operations,Full-time,Recruiter,1/30/2022
329,Claus Prantoni,Finance,Full-time,Team Lead,2/19/2018
330,Edsel Danilovitch,Human Resources,Part-time,Recruiter,6/19/2017
331,Frankie Nolli,Human Resources,Full-time,Manager,3/24/2022
332,Glyn O'Hare,Operations,Full-time,Coordinator,1/30/2016
333,Bernetta Archdeckne,Human Resources,Full-time,Generalist,2/20/2020
334,Rickey Stuffins,Operations,Part-time,Generalist,3/30/2015
335,Lemmy Poulney,Operations,Full-time,Coordinator,1/21/2016
336,Nicolina Duro,Operations,Part-time,Analyst,7/15/2021
337,Madelon Ballston,Human Resources,Part-time,Coordinator,1/21/2020
338,Sebastien Kelwick,Human Resources,Full-time,Coordinator,2/18/2019
339,Gianina Speke,Operations,Full-time,Recruiter,3/14/2022
340,Janela Mauger,Human Resources,Part-time,Generalist,2/18/2017
341,Norry Feldbau,Finance,Part-time,Team Lead,9/19/2015
342,Emmit Barenskie,Operations,Part-time,Coordinator,3/14/2022
343,Norbie Nouch,Finance,Full-time,Coordinator,12/19/2018
344,Nonah Deamer,Human Resources,Part-time,Manager,8/7/2019
345,Gage Fraczek,Finance,Part-time,Analyst,7/24/2018
346,Bone Wong,Human Resources,Full-time,Recruiter,7/2/2017
347,Lion Gidden,Human Resources,Part-time,Team Lead,8/9/2017
348,Weylin Rollins,Operations,Full-time,Generalist,7/15/2022
349,Natala Brunon,Operations,Part-time,Team Lead,7/3/2019
350,Leticia Matt,Finance,Full-time,Analyst,10/14/2022
351,Harriett Skoyles,Human Resources,Full-time,Generalist,4/19/2022
352,Wallas Wych,Human Resources,Full-time,Recruiter,4/23/2019
353,Penelope Izchaki,Finance,Part-time,Coordinator,6/24/2020
354,Alix Drewett,Human Resources,Full-time,Generalist,10/6/2023
355,Terrye Ranstead,Finance,Full-time,Generalist,3/30/2023
356,Skylar Corringham,Finance,Part-time,Coordinator,9/19/2022
357,Clareta Northcote,Finance,Full-time,Analyst,7/20/2016
358,Felipa Renols,Human Resources,Full-time,Team Lead,6/11/2021
359,Beverlee Larn,Operations,Part-time,Manager,3/16/2016
360,Faith Gourley,Operations,Full-time,Manager,3/15/2017
361,Annmarie Peatt,Finance,Full-time,Team Lead,9/10/2021
362,Yankee Shelly,Human Resources,Part-time,Team Lead,1/23/2016
363,Ely Ludman,Finance,Part-time,Generalist,5/13/2020
364,Hesther Surcombe,Finance,Part-time,Team Lead,6/13/2023
365,Orton Coffee,Human Resources,Full-time,Generalist,11/23/2017
366,Hendrika Borleace,Human Resources,Part-time,Recruiter,7/25/2019
367,Gale Gaish,Finance,Part-time,Generalist,4/8/2019
368,Candra Follis,Operations,Part-time,Team Lead,11/2/2020
369,Joey Locock,Human Resources,Full-time,Coordinator,4/5/2022
370,Judith Cossor,Human Resources,Full-time,Generalist,9/14/2015
371,Jackson Birkmyre,Finance,Part-time,Manager,10/12/2022
372,Jeanelle Moresby,Finance,Full-time,Analyst,5/31/2020
373,Livy Mackro,Operations,Part-time,Analyst,6/27/2015
374,Fifine Traylen,Operations,Part-time,Generalist,1/31/2015
375,Malena MacKnocker,Finance,Part-time,Coordinator,7/4/2019
376,Saunder Kew,Human Resources,Part-time,Generalist,3/22/2016
377,Hieronymus Hanney,Operations,Part-time,Team Lead,8/13/2021
378,Izabel Roadknight,Finance,Full-time,Recruiter,9/23/2016
379,Allene Mealing,Human Resources,Part-time,Manager,5/28/2022
380,Leyla Bending,Operations,Full-time,Generalist,4/14/2021
381,Claudell Harroway,Human Resources,Part-time,Manager,2/22/2017
382,Cassie Fenemore,Finance,Part-time,Recruiter,2/28/2018
383,Sergent Grzelczak,Finance,Part-time,Analyst,11/27/2019
384,Grayce Sickert,Operations,Full-time,Generalist,2/20/2016
385,Adah Grubbe,Human Resources,Full-time,Analyst,3/16/2022
386,Dionisio Scutchin,Finance,Full-time,Manager,1/13/2023
387,Johna Mityushkin,Human Resources,Full-time,Analyst,1/21/2015
388,Cynthie Mattin,Operations,Part-time,Generalist,5/18/2021
389,Ozzy Wicks,Operations,Part-time,Generalist,8/9/2017
390,Wanda Bagenal,Operations,Part-time,Team Lead,3/13/2023
391,Rubetta McGrorty,Finance,Full-time,Coordinator,9/15/2022
392,Lazaro Colin,Human Resources,Full-time,Team Lead,2/19/2023
393,Ker Parker,Operations,Full-time,Coordinator,9/6/2021
394,Ashil Baskeyfied,Operations,Full-time,Team Lead,10/16/2021
395,Elena Roy,Human Resources,Part-time,Team Lead,5/11/2021
396,Leanna Glenfield,Operations,Part-time,Recruiter,11/27/2020
397,Dannye Spincks,Human Resources,Full-time,Team Lead,1/12/2017
398,Davida Ainscough,Finance,Part-time,Generalist,5/15/2018
399,Carina Sandbach,Human Resources,Part-time,Analyst,12/10/2020
400,Marysa Crannage,Finance,Part-time,Team Lead,11/5/2017
401,Mortimer Millsom,Operations,Full-time,Recruiter,11/17/2020
402,Ernie Lloyds,Finance,Part-time,Generalist,3/31/2018
403,Tades Sondland,Operations,Full-time,Recruiter,10/30/2015
404,Derward Andrews,Operations,Part-time,Manager,12/6/2021
405,Lissa Kedie,Human Resources,Part-time,Generalist,11/14/2015
406,Rad Rust,Finance,Part-time,Team Lead,11/4/2015
407,Jany Isaac,Operations,Part-time,Recruiter,12/31/2021
408,Lazaro Tynemouth,Human Resources,Full-time,Manager,5/4/2018
409,Kliment Walley,Finance,Part-time,Generalist,8/21/2015
410,Romy Drew,Human Resources,Part-time,Manager,5/9/2021
411,Kane Bannerman,Finance,Part-time,Recruiter,2/27/2021
412,Kayle Allbones,Operations,Full-time,Generalist,7/13/2015
413,Halette Peach,Finance,Full-time,Recruiter,8/15/2016
414,Nat Daniele,Finance,Part-time,Manager,7/16/2017
415,Darelle MacShirie,Operations,Part-time,Recruiter,11/7/2019
416,Michele Smellie,Human Resources,Part-time,Coordinator,3/17/2018
417,Joelle Stellman,Human Resources,Full-time,Analyst,8/3/2017
418,Coop Gelder,Human Resources,Part-time,Manager,4/17/2018
419,Roanna Scurrer,Finance,Full-time,Generalist,8/14/2021
420,Alix Ditty,Finance,Full-time,Analyst,9/20/2018
421,Addie Hovington,Finance,Part-time,Team Lead,12/14/2015
422,Domeniga Auckland,Operations,Full-time,Manager,1/30/2017
423,Lauralee Fearnsides,Finance,Full-time,Coordinator,4/14/2016
424,Enrichetta Kidde,Finance,Full-time,Recruiter,1/6/2016
425,Austin Otley,Human Resources,Full-time,Manager,10/16/2021
426,Sansone Warke,Human Resources,Full-time,Coordinator,8/16/2016
427,Armin Cornbill,Finance,Full-time,Recruiter,9/29/2017
428,Sianna Treacy,Human Resources,Full-time,Analyst,8/27/2016
429,Filbert De Rye Barrett,Human Resources,Full-time,Team Lead,2/13/2020
430,Letizia Jakubiak,Finance,Full-time,Analyst,7/7/2018
431,Dane Clemo,Operations,Part-time,Manager,8/20/2018
432,Vinny Aberkirder,Finance,Full-time,Generalist,1/23/2021
433,Kirby Fasham,Operations,Part-time,Analyst,7/26/2015
434,Torrie Lebreton,Operations,Part-time,Team Lead,3/7/2016
435,Gerardo Caro,Finance,Full-time,Analyst,11/25/2016
436,Leisha Ruddoch,Operations,Full-time,Recruiter,11/24/2018
437,Welch Cowterd,Operations,Full-time,Coordinator,4/23/2021
438,Rycca Lighton,Finance,Part-time,Team Lead,11/12/2016
439,Colline Zeal,Finance,Part-time,Analyst,1/26/2017
440,Lilas Easthope,Operations,Part-time,Team Lead,9/7/2017
441,Livvie Gaskarth,Operations,Part-time,Generalist,9/7/2015
442,Vitia Moland,Operations,Full-time,Analyst,11/27/2015
443,Eachelle Poppleston,Operations,Part-time,Team Lead,3/13/2020
444,Aggie Passfield,Finance,Full-time,Manager,4/23/2022
445,Udale Rizzardi,Human Resources,Part-time,Analyst,6/13/2021
446,Arluene Phoenix,Operations,Full-time,Recruiter,8/26/2023
447,Yorker McKirton,Operations,Part-time,Coordinator,12/8/2018
448,Conny Paffot,Operations,Part-time,Recruiter,2/1/2022
449,Sayre Blaasch,Operations,Full-time,Recruiter,1/11/2016
450,Elsy Hanse,Finance,Full-time,Recruiter,1/8/2017
451,Rosene Eskell,Operations,Part-time,Manager,5/14/2018
452,Phillis Dyton,Finance,Full-time,Team Lead,11/5/2018
453,Hendrik Chastan,Human Resources,Part-time,Analyst,8/27/2016
454,Leslie Brokenbrow,Finance,Full-time,Recruiter,5/10/2023
455,Harrie Kindleside,Human Resources,Full-time,Generalist,5/17/2017
456,Meridel Stuchbury,Finance,Part-time,Generalist,9/8/2022
457,Brooks Cundict,Human Resources,Full-time,Recruiter,8/10/2019
458,Lola Pitcaithly,Human Resources,Part-time,Analyst,6/16/2017
459,Elsy Francino,Human Resources,Full-time,Team Lead,5/9/2020
460,Conrado Lys,Human Resources,Part-time,Recruiter,1/3/2021
461,Ignacius Slocombe,Human Resources,Full-time,Team Lead,3/11/2017
462,Allan Gration,Human Resources,Full-time,Recruiter,2/18/2021
463,Joye Courtese,Human Resources,Part-time,Manager,2/26/2016
464,Barbabas Wharram,Operations,Full-time,Analyst,9/18/2021
465,Clayborn Loddy,Human Resources,Part-time,Manager,1/23/2023
466,Rawley Buckles,Operations,Part-time,Generalist,6/19/2022
467,Grantley Dovey,Finance,Part-time,Generalist,2/5/2021
468,Violette Di Ruggero,Operations,Full-time,Analyst,1/6/2023
469,Ada Handes,Finance,Part-time,Team Lead,7/21/2018
470,Maegan Parris,Operations,Part-time,Manager,6/8/2022
471,Dorolice Martinello,Finance,Full-time,Manager,2/18/2015
472,Binny Sautter,Finance,Part-time,Coordinator,3/20/2017
473,Babs Mahady,Human Resources,Part-time,Coordinator,12/16/2016
474,Babara Spera,Operations,Part-time,Analyst,6/29/2017
475,Rollo Dunphie,Operations,Part-time,Team Lead,11/2/2017
476,Robina Douche,Human Resources,Full-time,Coordinator,8/14/2022
477,Josefa Pritchitt,Operations,Part-time,Analyst,1/15/2023
478,Rosalinde Domleo,Human Resources,Part-time,Manager,11/3/2023
479,Mirabelle Mallabon,Finance,Full-time,Team Lead,4/5/2016
480,Cam Hayhow,Operations,Part-time,Generalist,6/27/2018
481,Alejandra Grewer,Human Resources,Full-time,Team Lead,3/25/2019
482,Nani Sarfat,Operations,Part-time,Manager,9/3/2018
483,Darcy Pounder,Operations,Full-time,Analyst,8/5/2018
484,Kellby Sorrie,Human Resources,Full-time,Generalist,10/16/2018
485,Willi Dubarry,Human Resources,Full-time,Team Lead,7/14/2018
486,Constantine Dodgshun,Operations,Part-time,Analyst,8/5/2017
487,Edsel Streeting,Operations,Full-time,Recruiter,12/21/2016
488,Danila Oxley,Finance,Full-time,Coordinator,12/23/2015
489,Marjorie Habeshaw,Finance,Part-time,Coordinator,9/19/2018
490,Tonia Tobin,Operations,Part-time,Generalist,1/14/2016
491,Loella Brodhead,Human Resources,Full-time,Generalist,11/2/2015
492,Veronika Richin,Human Resources,Part-time,Analyst,1/2/2017
493,Francisca Horrell,Finance,Full-time,Team Lead,7/20/2022
494,Alex Gillham,Human Resources,Part-time,Generalist,11/3/2023
495,Cassy Else,Operations,Part-time,Generalist,5/31/2022
496,Gayler Peers,Finance,Part-time,Coordinator,8/29/2018
497,Avery Canton,Human Resources,Full-time,Coordinator,11/24/2017
498,Kerianne Passie,Human Resources,Full-time,Coordinator,6/3/2021
499,Umeko Stango,Operations,Full-time,Recruiter,11/13/2022
500,Querida Charker,Operations,Full-time,Coordinator,5/21/2018
